COUNTY,itemID,TilesetID
15County,https://morpc.maps.arcgis.com/sharing/rest/content/items/251768ca1fd24305993e5998e6d00cf4/data,14
Delaware,https://morpc.maps.arcgis.com/sharing/rest/content/items/ef70f36c63e6411a9e81ff459bd82197/data,14
Fairfield,https://morpc.maps.arcgis.com/sharing/rest/content/items/036309f5ba3640709514e65e6622477c/data,14
Fayette,https://morpc.maps.arcgis.com/sharing/rest/content/items/ca75ccd6cc734413babd1a7f525baea4/data,14
Franklin,https://morpc.maps.arcgis.com/sharing/rest/content/items/b3c6778d64ce46988be00f2df609dfef/data,14
Hocking,https://morpc.maps.arcgis.com/sharing/rest/content/items/c3442866fa324f11b5bab1f861f6f923/data,14
Knox,https://morpc.maps.arcgis.com/sharing/rest/content/items/1e70a24451354888a84d4555fde66a46/data,14
Licking,https://morpc.maps.arcgis.com/sharing/rest/content/items/55a47a3cd6374e4eb717819efc8d8c88/data,14
Logan,https://morpc.maps.arcgis.com/sharing/rest/content/items/3ea84d1761e44eec88055bdd1a55e01f/data,14
Madison,https://morpc.maps.arcgis.com/sharing/rest/content/items/180a1f1c50cf4ddea43f6e6d3c40f59b/data,14
Marion,https://morpc.maps.arcgis.com/sharing/rest/content/items/21a5aaefeb5c437ba337e179b61e9c14/data,14
Morrow,https://morpc.maps.arcgis.com/sharing/rest/content/items/914163465aeb49ae8b65acaa523d414c/data,14
Perry,https://morpc.maps.arcgis.com/sharing/rest/content/items/e8e89f3af213420093ce01a2566c7bfe/data,14
Pickaway,https://morpc.maps.arcgis.com/sharing/rest/content/items/5b9989a36e514b44a55099dd12e97467/data,14
Ross,https://morpc.maps.arcgis.com/sharing/rest/content/items/54bcd50b0cb84c30ac6ce3ba78c54f86/data,14
Union,https://morpc.maps.arcgis.com/sharing/rest/content/items/1973e694e196424291b1a6e502de1f78/data,14
